comm_id,poi_0,poi_1,poi_2,poi_3,poi_4,poi_5,poi_6,poi_7,poi_8,poi_9,poi_10,poi_11,poi_12,poi_13,poi_14,poi_15,population,canopy_cov,price,centroid_lat,centroid_lon
2008,0.44820869,-0.305418402,0.142503619,-0.591862738,-0.87621659,-0.175529838,-0.621311605,0.01399183,-0.443535119,0.090899907,0.372970223,1.22815609,0.124864668,0.108900785,0.869086027,0.107242115,3618.901367,14.02,70486.12977,39.92544029,116.2676389
2009,-0.233605951,-0.457658559,-0.408518612,-0.196968734,0.178037852,-0.105624095,-0.241642609,0.739953339,0.600524843,0.263205022,0.070203237,1.21926415,-0.597133577,-0.629765034,0.127097517,-0.338637382,4905.711914,12.15,69032,39.91977795,116.2558599
2010,-1.054852724,-0.970961988,-0.36612317,0.004926828,-0.559690893,-0.68978852,-0.575324059,1.300200105,-0.087140389,0.185837299,0.713375211,1.946844339,-1.560724974,-0.505271077,0.334956944,-1.000773311,1695.27124,20.57,71511.67344,39.92150909,116.2677462
2020,-0.478060097,-0.54689765,-0.411404431,-0.11995557,0.088420697,-0.404214114,-0.514609933,0.79033953,0.28484866,0.212548912,0.217718691,1.016655564,-0.66950345,-0.708944142,0.153667659,-0.326576948,17010.01172,21.11,61525.96667,39.93054675,116.2598211
2043,-0.406011611,-0.374470651,-0.209399581,-0.19377619,0.297313452,-0.486273468,-0.843032956,0.446364254,0.184840679,0.70967865,0.085824527,0.303907633,0.293309808,-0.78583926,0.138140962,0.285479903,2694.284424,14.19,84342.92,39.90858398,116.3070669
2044,-0.16083549,-0.124144517,0.047262385,0.179039896,0.726044416,-0.62212801,-1.166346908,0.054872345,-0.180644229,0.944911122,-0.247236326,-0.595397532,0.911952257,-0.586365044,0.20653066,0.861498952,11207.58398,28.07,74896.32054,39.90887677,116.2500983
2045,-0.100609362,-0.096662119,-0.322565824,-0.288581789,0.389512062,-0.163701579,-0.510097086,0.333761096,0.268134445,0.307389915,-0.1600243,0.702722609,0.288489461,-0.463801384,0.099239744,-0.205077991,3187.619141,24.05,95487.75,39.90441768,116.2500838
2068,-0.194359228,-0.139928341,-0.273635656,-0.046899099,0.542671382,-0.263359547,-0.652796328,0.521199822,0.218282893,0.413874388,0.060870685,0.571914792,0.068487719,-0.395773411,0.078073338,0.149821252,15862.87988,17.86,72469.63158,39.92543092,116.2622784
2074,0.319740564,0.690784335,-0.75537771,-0.312714547,0.624230325,-0.139420971,0.714589596,-0.028422577,0.735384107,-0.259036213,-0.486330241,0.80477494,0.693769753,-0.743428588,-0.517256379,-0.419280261,309.5379028,21.95,79699.25299,39.90546027,116.2594151
2075,-0.201198801,0.654704094,-0.942532837,-0.680130839,-0.110027298,-0.251080543,0.005171683,-0.267954886,1.109378338,0.036871314,-0.282967389,0.629904568,0.626442015,-1.348115444,-0.933228552,-1.375724077,3754.219971,22.21,88133.07895,39.90423806,116.2642372
2076,-0.975405037,-1.330710888,-0.140036166,-0.955818057,0.242328703,-0.85134387,-1.48592937,0.745954692,-0.075878985,0.859633625,0.049407225,0.471547961,-0.644982636,-0.925038695,0.435949147,-0.055943497,965.7695923,24.47,75273.15385,39.90364368,116.2594078
2077,0.780603051,0.133334354,0.608675838,-0.057673719,-0.377208531,0.207919016,-1.112708211,-0.617343903,0.282556802,0.551355004,0.109630235,0.192580462,0.992809713,0.066742972,0.570413053,0.916800559,3199.066406,16.19,97529,39.90079739,116.2500771
2078,0.275478274,0.447408706,-0.145626321,-0.194040716,0.175016999,-0.11170689,-0.709996402,-0.219952002,0.078739814,0.379316449,0.086089052,0.364269853,0.995213926,-0.122220069,-0.001266474,0.418415695,4503.129883,26.66,107439,39.90069457,116.2628122
2079,-0.040778991,0.223405302,-0.381052852,-0.103691138,-0.059781801,-0.560482919,0.004647324,0.563364804,0.041344505,-0.135779873,0.565463722,0.523404777,0.348490864,-0.382294565,-0.192452833,-0.034697175,2090.56543,22.41,92054.32881,39.89718535,116.2559248
2080,-0.33952114,0.008054886,-0.318781406,-0.047606844,0.475578249,-0.523133814,-0.725901484,0.437149465,0.282221556,0.525254548,0.133143902,0.08151643,0.424338251,-0.786644638,-0.157251045,0.108677335,4772.915039,29.3,85268.79167,39.8970255,116.2629792
2081,-0.17949827,-0.388428718,-0.315085143,-0.214371413,0.246296823,-0.30589056,-0.127750337,0.698045492,0.32346499,0.324015677,-0.104595847,0.908668518,-0.201410338,-0.537108779,0.191563755,-0.335262746,2210.347656,23.82,81983.24374,39.91756944,116.2727919
2082,-0.26374808,-0.933310211,-0.371615559,-0.432446241,-0.331666887,-0.020548249,-0.220182016,0.87963444,0.420252293,0.037560996,0.05058746,1.580777287,-0.977315962,-0.359788179,0.468565464,-0.713174582,12264.57031,22.37,110922.7,39.91124697,116.2724192
2083,0.132694885,0.310119331,-0.341469049,0.244151935,0.555936575,-0.116187133,-0.24340044,0.526368797,0.242463827,0.253803551,0.090698242,0.585002601,0.469428837,-0.379494756,0.043919928,0.021522002,3970.887695,25.48,83407.88889,39.91508473,116.279284
2084,0.286268294,0.674810231,-0.215289161,0.417229414,0.405552983,-0.060858931,-0.334125578,0.266096532,0.414192796,0.287218422,0.383703768,0.54915905,0.618152261,-0.338120937,-0.149046093,0.296069831,6112.536133,39.73,103825.5625,39.9149821,116.2851637
2085,0.056604706,0.410394102,-0.427528143,0.444779277,0.794418395,-0.023332454,-0.469249338,0.470157206,0.344487906,0.036271214,0.056583002,0.914115131,0.065180108,-0.299218565,0.064425036,-0.137213841,1200.0271,36.3,111991.5,39.91561462,116.2900813
2086,-0.134002104,-0.010792903,-0.163813174,-0.193428442,0.343211055,-0.220500022,-0.982720554,0.221744731,0.265577644,0.606167257,0.124974973,0.42308563,0.443634897,-0.414131463,0.090712741,0.152735218,2609.046143,27.21,88781.51667,39.91341514,116.2922867
2087,-0.34197548,-0.153767139,-0.353737563,-0.016517894,0.27668798,-0.220652968,-0.955449104,0.388198197,0.423841804,0.460421771,0.197361931,0.677609026,-0.14938429,-0.721256137,0.001611958,-0.02449264,3028.738037,19.42,87627.84,39.91001758,116.2918322
2088,-0.360740066,-0.031195711,-0.344435543,-0.265116155,0.311234355,-0.166677594,-1.021392703,0.604458094,0.551828563,0.57313329,0.563273191,0.584433913,-0.225824118,-0.601732314,-0.363272965,-0.035539635,415.1118774,21.45,92244.96,39.9086434,116.2930362
2089,-0.107172437,0.602904379,-0.347252905,0.282884359,0.611201167,0.090566315,-1.5256387,0.023906529,0.720421851,0.401094407,0.301696211,0.279481322,0.121965393,-0.343360931,-0.406933278,-0.124407135,176.442688,12.66,90156.3916,39.90835915,116.2947669
2090,-0.478797406,-1.009631753,-0.239552155,-0.776653409,-0.350161582,-0.206842467,-0.595426202,0.889650226,0.354539961,0.531951785,0.425612599,1.694371939,-0.982823849,-0.669024527,0.407011628,-0.366023749,1538.31189,20.74,90816.75,39.90702489,116.2921658
2091,-0.243887976,0.05332303,-0.034119714,0.179105774,0.358554184,-0.65756911,-1.030335546,0.451947153,-0.202194452,0.56839025,0.464237601,0.05807393,0.462196916,-0.441987216,0.129876748,0.368164003,5121.246094,24.52,103640,39.90302503,116.2921612
2092,0.119649865,0.170646802,-0.255039424,-0.013461513,-0.026083849,-0.052079659,-0.485303253,0.224467948,0.412587196,0.334319144,0.29441607,0.603582144,0.423451126,-0.440958083,-0.009011867,0.234297708,3168.47998,30.94,95737,39.89778746,116.2921631
2094,0.10306067,0.184381098,-0.146834359,-0.073918633,0.280313075,0.034668509,-0.55584985,0.384630382,0.354878783,0.195589438,0.393002868,0.735029042,0.057036716,-0.11738202,-0.21771577,0.125942662,10620.70215,28.94,65098.8,39.91395764,116.2500259
2095,0.115757912,0.832119226,-0.338897705,0.078889579,0.504786789,0.003223874,-0.711036801,0.055410583,0.613919973,0.204985783,0.566986799,0.588924706,0.36963892,-0.155414373,-0.643684864,0.207043841,6734.544434,13.04,68192.3,39.9113786,116.2558768
2096,-0.173194751,0.298755944,-0.397790194,-0.137960732,0.303910077,-0.299771875,-0.600728571,0.223766968,0.398444712,0.274935424,0.197640359,0.583853304,0.248152822,-0.561391056,-0.323865712,-0.281040013,11631.625,12.55,70199.43182,39.9119449,116.2634203
2097,-0.366400987,-0.113597326,-0.733036578,-0.399455488,-0.009202286,-0.121705122,0.067608871,0.570715666,0.867477417,0.056305829,0.032105815,1.568018079,-0.424982429,-0.935552299,-0.239637479,-1.05114913,1587.396973,17.85,71410.5625,39.90756919,116.2606047
2098,0.648659408,-0.018666223,-0.527323365,-0.4533512,-0.873614848,-0.091932617,0.404330939,0.105887562,-0.203303471,-1.369454861,0.410156459,0.416547477,-0.345442891,0.81281811,-0.257498533,0.471339226,6512.419434,22.83,84714.32708,39.90347786,116.2723479
2099,-0.441711336,-0.456636369,-0.357657075,-0.275509417,-0.568609416,-0.522754371,-0.00469249,0.745578766,0.383571148,0.213310093,0.559485674,1.56871891,-0.725424349,-0.938902497,0.05019455,-0.551092684,4390.277344,18.66,75259.9,39.89713911,116.2722353
2100,-0.566732287,-0.63775605,0.161287934,-0.589274228,0.678337038,-0.840408146,-2.088092804,0.057860564,-0.314430952,1.127481937,-0.100342013,-0.636704922,0.549841106,-0.602623701,0.375465572,0.743951857,7099.972656,21.8,83593.325,39.93491894,116.3061127
2101,-0.035746749,-0.174561352,-0.289660037,-0.370514035,0.386791795,-0.041990627,-0.362731546,0.477379501,0.527677774,0.394304067,0.04512557,0.818732262,-0.112341993,-0.406202078,-0.111223988,0.016103793,5852.513672,37.67,88713.09434,39.91421876,116.2984767
2102,-1.045771003,-1.460201621,-0.386304796,-0.641936958,-1.420645714,-0.679737926,0.160743937,1.812550664,0.137300611,0.123114206,1.412172318,2.874151707,-1.783557057,-0.985018015,0.590857267,-1.081442714,5804.339844,15.22,88078.41304,39.90892704,116.2996529
2103,0.255073994,0.015438926,0.131344706,0.12757653,0.244074941,-0.136942774,-0.604075134,0.0099839,-0.036444806,0.297582626,-0.235891804,0.307165116,0.453223616,-0.276580453,0.222506389,0.170306534,4131.033691,17.26,96683,39.90811953,116.3163036
2104,0.09382651,0.66464746,-0.216594771,0.272450596,0.566727996,-0.049799606,-0.962632358,0.043116216,0.425840527,0.442845941,0.381447554,0.185432225,0.605611742,-0.182043761,-0.3973037,0.438833326,2124.836914,18.11,89920,39.90797742,116.3249754
2110,-0.98041594,-1.396844029,-0.297920972,-0.597615242,-1.38832736,-0.734404087,0.170267016,1.761851072,0.036891636,0.22228153,1.430054903,2.676538706,-1.664604902,-0.899873555,0.507683456,-1.043889642,32923.73438,20.6,80236.92593,39.93658677,116.2650271
2133,-0.219216019,-0.266495615,0.062868588,-0.090597361,0.632202864,-0.673558414,-1.16640079,0.127273783,-0.194150552,0.94118315,-0.227165923,-0.36499691,0.595130861,-0.594177008,0.225364313,0.602429867,15142.21289,25.15,83325.27273,39.94285508,116.2776075
2134,-0.423204303,-0.018592751,-0.57643193,-0.356885344,0.5846681,-0.491470516,-0.431835055,0.27222389,0.386453807,0.473291337,-0.329471618,0.013971156,0.644122005,-0.849874377,-0.40539965,-0.199128225,1607.313599,16.89,102475.1429,39.90756204,116.2792948
2135,-0.35789454,-0.498861551,-0.362965554,-0.107776836,0.087011851,-0.34843424,-0.199581474,0.698965251,0.348682135,0.311468333,0.188252062,1.098982811,-0.370648623,-0.866799891,0.148591012,0.031629436,9650.863281,38.81,100282.0696,39.90263174,116.2828286
2136,0.423281133,-0.026286175,0.479947329,-0.189068034,0.079783395,0.065036342,-0.876550913,-0.167669311,0.01954267,0.435578614,-0.146991611,0.234621197,0.873132885,-0.056879595,0.340640903,0.378831893,6399.479492,50.86,130060.5,39.91131216,116.3129159
2137,-0.394498229,-0.365560561,-0.264558315,-0.014859062,0.560478389,-0.490321219,-0.837258995,0.436275244,0.038363766,0.586096108,-0.239271209,-0.110513702,0.603151202,-0.48228398,0.189824879,0.31060639,5380.787598,18.34,93906.20588,39.93270957,116.3234908
2138,0.177119836,0.031577248,-0.114500515,-0.10067872,0.277598739,0.091322079,-0.89284724,0.012605385,0.339694083,0.461591512,0.027758628,0.987478912,0.104220219,-0.327443928,0.329271197,0.294141322,3660.58374,30.11,97431.04167,39.92461829,116.3125159
2139,-0.415084243,-0.359297454,-0.188019544,-0.296684265,0.757011116,-0.353687912,-1.402893305,0.306044608,0.103871383,0.624070883,-0.087006472,0.044194065,0.123758458,-0.436399102,0.04784511,0.389217228,2925.707031,19.72,78442.79167,39.92357226,116.3264768
2140,0.028904309,-0.163650021,-0.100188546,-0.37804547,0.218574867,-0.12680085,-0.395695776,0.421992183,0.276868492,0.175740123,0.333594292,1.154762506,-0.287507951,-0.135068282,0.033688318,0.149898082,12775.2207,30.32,85856.85714,39.91957195,116.2975803
2141,0.275693625,0.917036414,-0.107440554,0.493274301,0.559576333,-0.053971089,-0.918228567,0.022184655,0.256455094,0.303380042,0.41814813,0.222533315,0.726687312,0.008002456,-0.283857942,0.23971203,4002.757812,22.43,81242.91837,39.93756552,116.2943449
2142,-0.017646216,-0.272785485,-0.051285807,0.127652749,0.317682177,-0.241136268,-0.593796551,0.389679968,0.441017896,0.509976625,-0.155580938,0.155131862,0.510044813,-0.579869926,0.380003422,0.138839424,6313.667969,33.62,80649.41176,39.93385275,116.2934753
2143,-0.086277254,-0.112213448,-0.212985083,-0.18289943,0.333452135,-0.124263369,-0.478054374,0.528406739,0.240385696,0.31479007,0.239331678,0.890223444,-0.095335804,-0.188620433,-0.02898331,0.131620899,2114.906006,34.71,81020.25,39.92879979,116.2803017
2144,0.247549549,-0.013467008,0.005333338,-0.174200952,0.177988589,-0.032223154,-0.22592707,0.370849878,0.332874209,0.25693962,0.018302256,0.66629833,0.153034478,-0.166704223,0.010943077,-0.149950519,6334.341309,48.2,82123.75,39.92856861,116.2863029
2145,-0.658551753,-0.179180995,-0.207066089,0.040252436,1.02797699,-0.69354254,-1.975221395,0.184637085,-0.191827431,0.668575883,-0.167394981,-0.714001179,0.496391445,-0.386504889,0.021203011,0.392572135,6105.83252,31.78,85898.6,39.92705842,116.2926729
2146,-0.143438429,-0.457312077,0.201097414,-0.621911049,0.498662263,-0.418245763,-1.634452462,-0.113846943,-0.053987395,1.045423746,-0.19522582,-0.000145036,0.505701959,-0.480428755,0.462739319,0.681036055,6455.963379,35.29,99695.46667,39.92894919,116.2993041
2147,0.323175937,0.616063535,0.039783273,0.097947821,0.440178186,0.082113676,-1.181373,0.003031477,0.275260568,0.604646921,0.462001801,0.413257033,0.454406232,0.054431371,-0.134640232,0.452795208,14944.24023,28.19,67537.09615,39.92000905,116.2498874
2148,-0.279700428,-0.204599932,-0.363493264,-0.013530124,0.263638914,-0.2857095,-0.552877069,0.607031941,0.350929946,0.236503527,0.239477992,0.894204378,-0.377969116,-0.586524427,0.035833757,-0.117383525,10019.52148,11.18,68377.5814,39.91963391,116.2629367
2162,-0.171143666,-0.050374303,-0.187527582,0.110960186,0.361641705,-0.341128856,-0.901352048,0.2575773,0.149400666,0.511262357,0.225932851,0.360141188,0.146666422,-0.519819021,0.016216891,0.370605737,7277.643066,13.58,85050.52381,39.93463172,116.3107707
2166,-0.178888142,-0.17766048,-0.140153274,-0.230308294,0.269828856,-0.227790207,-0.964024246,0.375735044,0.340710908,0.593064189,0.27502352,0.515450716,0.038338169,-0.449714243,0.045854807,0.22785449,9579.132813,24.49,79105.91429,39.94172537,116.2938795
2204,0.933558702,0.471394688,-0.326185614,0.617931068,-0.834470451,-0.406685382,0.600903988,0.209347069,-0.740837276,-1.130223632,0.168830708,-0.335453749,1.166489601,0.336186677,0.519118488,0.359532684,1175.794678,34.05,81259.80597,39.89985878,116.2699925
2225,-0.068290308,-0.06344834,-0.19153069,-0.086991027,0.379298806,-0.164240062,-0.624460876,0.454745919,0.273596644,0.412876457,0.214244395,0.627727985,-0.159280106,-0.203595415,-0.120568521,0.119438104,19055.4082,20.27,72249.88571,39.92574558,116.2525516
2231,-0.042497005,0.243170351,-0.153920054,0.209332153,0.517183363,-0.317340642,-0.656074762,0.514814258,0.152892336,0.492498219,0.403751105,0.32342571,0.375831664,-0.35049969,-0.081816562,0.342487276,12967.72559,28.69,81146.33333,39.94265527,116.2704971
2232,-0.320997834,-0.220146507,-0.234425709,-0.217271537,0.599660218,-0.466854364,-0.956590176,0.36606428,0.150475085,0.566290796,-0.104957141,0.078849532,0.212211236,-0.580091596,0.000308031,0.102937661,30212.45508,19.27,79056.29412,39.93452,116.2781594
2236,0.076447241,-0.020426715,-0.07394392,-0.168629065,0.073712148,-0.199667349,-0.612017691,0.304868698,0.217159703,0.4206312,0.256407648,0.802114308,0.051765293,-0.242869839,0.161003679,-0.050458226,5714.899414,30.23,80989.98068,39.89719959,116.2828064
2238,-0.619476795,-0.788052797,-0.304251015,-0.337245405,0.639384806,-0.74326694,-1.103886008,0.437512577,-0.088958487,0.560172915,-0.567844868,-0.396573782,0.377234519,-0.705222011,0.358874023,0.106135987,4340.383789,9.23,90856.2,39.93580792,116.3226184
2242,-0.38710773,-0.397988707,-0.309868664,-0.373958439,0.566199899,-0.470980614,-0.945467353,0.446415752,0.237015158,0.553957224,-0.189128488,0.063865803,0.124031693,-0.709961712,0.050895911,-0.027519735,5446.259277,19.31,73248.4557,39.92512756,116.273496
2243,-0.072993279,0.138049439,-0.26304552,-0.154788166,0.263858229,-0.188684627,-0.513654172,0.316074967,0.382605433,0.271841377,0.404848546,1.07280755,-0.070095949,-0.441594779,-0.108445324,0.101294123,4048.930908,15.74,94406.33333,39.92483721,116.2992312
2244,-1.192935705,-1.495025039,-0.25651148,-0.701947153,-1.686288357,-0.956895411,0.145991966,2.005230427,-0.109541744,0.238405943,1.795569062,2.883706331,-1.686693549,-1.009450912,0.611114919,-1.189421415,5729.90625,16.9,73361.91667,39.92097882,116.2732583
2245,0.152598336,0.742504776,-0.554569542,-0.274602205,0.495979249,-0.024252964,-0.317781806,-0.25860858,0.818890035,0.159127772,-0.240396231,0.643389225,0.637224019,-0.649469793,-0.528336644,-0.485616475,6007.098145,36.59,72826.85366,39.92045674,116.2863935
2249,0.010724358,0.316209346,-0.211030647,0.165860415,0.654087007,-0.103960522,-1.035824537,0.087345317,0.266577989,0.573776543,-0.009029248,0.236441165,0.688579857,-0.414350718,0.049705137,0.343108654,3017.133301,16.51,87570.85714,39.90394585,116.3126968
2250,0.147402957,0.704067349,-0.142402425,1.301441312,0.013160912,-0.331429422,-0.453285515,0.010702425,0.460851967,0.482777894,0.592155516,0.003314435,1.044049025,-1.189205408,0.003908437,1.307911158,1120.680542,18.98,80695,39.90047156,116.3121084
2251,-0.491457105,-0.598169446,-0.483062267,-0.258547187,0.803682268,-0.154031947,-0.534533083,0.825829268,0.186198011,0.584549069,-0.350329518,0.192877069,0.300598621,-0.119383089,-0.050828144,0.253856689,1424.943848,17.5,87772.6,39.90507688,116.3203546
2252,-0.141698331,0.179650322,-0.393771052,0.226860091,0.454472989,-0.122322723,-0.543183625,0.546716213,0.262695193,0.193351805,0.306348771,0.666093946,0.198872909,-0.165808842,-0.110472612,0.085370891,4798.477539,14.32,85322.05882,39.90416834,116.3256106
2254,0.083518468,0.038708929,-0.478778213,-0.191584438,0.56297636,0.113439068,-0.249519303,0.24249588,0.718521655,0.349771231,-0.480665505,1.013854027,-0.069456875,-0.73084414,0.006123209,-0.425935864,622.3959351,7.7,80081.33333,39.89978024,116.3181677
2255,-0.875974536,-1.304324627,-0.590643644,-0.526407361,-0.221674547,-0.395590365,-0.394449234,1.152199626,0.38263306,0.126384571,0.016117226,2.034736395,-1.536972046,-1.076420546,0.602746964,-1.125911355,784.6796265,3.31,57286,39.89727992,116.3158408
2256,-0.260518014,-0.402601957,-0.26077494,-0.176207498,0.524227202,-0.220516726,-0.660856009,0.541909516,0.157367572,0.359937698,-0.183704466,0.572631478,0.050186753,-0.398582876,0.209232554,0.014072921,1438.631592,21.8,68677.5,39.92466011,116.2801829
2257,-0.48925516,-0.281658232,-0.191777036,-0.414025486,0.508591115,-0.576908827,-1.363818288,0.117593534,0.061102606,0.47756207,-0.20832181,-0.304597884,0.419662863,-0.634970605,-0.095712729,-0.015230012,2401.306152,42.74,73586.63462,39.92059196,116.279666
2258,-0.293327302,-0.311368376,-0.166716278,-0.276137203,1.011942387,-0.330874145,-0.925853074,0.197589934,-0.097887546,0.526376247,-0.503762722,-0.175395504,0.859413624,-0.105093643,0.068950653,0.645947218,3247.434082,32.34,81851,39.92441471,116.2862047
2263,-0.219892621,-0.4525235,-0.355312228,-0.31036061,0.44533661,-0.06613455,-0.681684732,0.339025617,0.301552862,0.504259765,-0.406565398,0.836743653,0.059997398,-0.485111684,0.331932127,-0.052174162,4364.608398,22.49,94150.8,39.92475303,116.3069453
2264,-0.164500654,-0.33150965,-0.407094359,-0.147591904,0.270385176,0.047263775,-0.325142533,0.621621549,0.526419759,0.333339751,0.046107072,1.21822226,-0.236370295,-0.457149357,0.159731939,-0.044219475,1327.837036,34.61,105774.5714,39.90250361,116.3203519
2267,-0.753888249,-0.98335129,-0.182903171,-0.601640165,0.733989596,-0.762207925,-1.373857141,0.603325486,-0.096130058,0.75237608,-0.291822612,-0.112393364,-0.075687543,-0.67224884,0.3311221,0.155687064,6222.130371,34.91,80347.78,39.94295905,116.2856077
2268,-0.348066539,-0.536847115,0.148174793,-0.647002816,0.740323424,-0.656470597,-1.678333759,-0.008905587,-0.228724182,1.190405846,-0.31083113,-0.514107168,0.652336776,-0.524015427,0.263870895,0.861026406,3295.64502,23.85,78094.21429,39.93941282,116.3050714
2273,0.262114882,0.351211369,-0.08106257,0.689837456,0.197213203,-0.349735528,-0.084976435,0.210011691,-0.104571566,0.472888619,0.133293882,0.710878968,0.77935344,-0.605924785,0.407242119,0.294053704,2610.328125,24.76,89029,39.89751807,116.2501303
2275,-0.24020876,-0.190829352,-0.378223419,-0.330130011,0.457051098,-0.148517445,-0.714529812,0.322546571,0.437709391,0.437919706,-0.170036763,0.664929569,0.039650403,-0.547227979,-0.023046931,-0.195692167,2442.710938,14.72,112666.8085,39.90758678,116.2851235
2277,-0.39568758,-0.570740402,-0.044683315,-0.657264173,0.735374331,-0.602744997,-1.594882846,0.051739976,0.066624656,0.83252579,-0.424782604,-0.308228582,0.36282748,-0.63272506,0.310722709,0.261520326,345.3389282,7.85,80044.84154,39.89655881,116.3269155
2278,0.056785394,0.10243699,-0.243078396,-0.136985406,0.389487207,-0.072544381,-0.573215723,0.279932886,0.36033684,0.330609649,0.076574519,0.612859011,0.311721206,-0.179854617,0.000872505,0.09143354,4028.402344,26.51,108346.0263,39.91026049,116.2828112
2281,0.29451555,0.283848733,0.284637421,-0.242260009,0.557451367,-0.303391069,-1.538421392,-0.619598806,-0.025349379,1.097809076,-0.261066735,-0.214475945,1.429417014,-0.520856917,0.465423197,0.899388731,2059.391357,20.01,99212.85714,39.90079804,116.2559082
2283,-1.050507784,-1.371673465,-0.436790645,-0.79769963,-1.694500685,-0.700215816,0.410829246,1.910684824,0.210669249,0.116170444,1.608615875,2.955222368,-1.679264307,-0.980718493,0.400874764,-1.37789619,1064.234985,16.14,65389.19512,39.89986549,116.2746604
2284,-0.036851883,0.068864167,-0.119396046,-0.182720691,0.274893641,-0.24003543,-0.845852673,0.070879906,0.229894355,0.595196009,-0.017319102,0.362091243,0.50681144,-0.507391274,0.031298622,0.140438825,1189.140259,8.51,72091,39.90244939,116.3164706
2287,-0.393422455,-0.028910534,-0.561013341,-0.462536007,-0.190173298,-0.268251091,-0.229137465,0.616462588,0.64270097,0.204772949,0.465533704,1.228958011,-0.247027159,-0.750344694,-0.368138075,-0.804743946,2174.184814,26.88,82697.46341,39.90441015,116.2559104
2288,0.227411658,0.845659196,0.148929492,0.594427288,0.694496334,-0.163998738,-1.589067817,-0.32718569,-0.030613793,0.637426555,0.311011583,-0.290688187,1.35435462,0.015749002,0.04676351,0.901716053,2296.284424,46.65,92252,39.91103634,116.3241958
2289,-0.144494712,-0.240640834,-0.19059217,-0.220611498,0.15742211,-0.489115268,-0.259967685,0.475806177,-0.069643721,0.463182837,-0.125392184,0.501559496,0.383211613,-0.503599167,0.185572863,-0.250694424,9898.607422,26.78,91572.95901,39.90099232,116.2997734
2290,-0.066367097,-0.128689557,-0.123362139,-0.049527463,0.401217759,-0.315150321,-0.796761572,0.303959489,0.165584072,0.606061459,-0.062721983,0.189026535,0.56915611,-0.48270601,0.269152284,0.192149922,8402.022461,26.9,80582.66667,39.90137319,116.3070054
2291,-0.028727964,-0.134962633,-0.390324593,-0.411316246,0.673051178,-0.207081303,-0.074592151,0.277173609,0.450145096,0.089429058,-0.202688828,1.114655852,-0.347381651,-0.385637343,-0.110489853,0.108675152,2696.585205,18.99,74689.75765,39.89732876,116.3124966
2292,-0.622310877,-0.623872101,-0.213421345,-0.219656602,0.81239748,-0.69782114,-1.55294323,0.278820008,-0.342573106,0.603644848,-0.477518976,-0.272923052,0.403020084,-0.441160619,0.458465427,0.256021738,1184.865479,9.18,88451.13519,39.90513314,116.316543
2293,-0.283384621,-0.036769692,-0.051493131,-0.129932269,0.536948085,-0.791449189,-1.539031267,-0.181931868,-0.183195174,0.726457238,-0.236527115,-0.730142891,0.910662711,-0.781853318,0.158340439,0.503704488,965.8187256,3.11,86543,39.90004246,116.3159624
2294,-0.226028532,0.436729342,-0.431246936,0.10208907,0.196516976,-0.218624115,-0.859639466,0.010959196,0.552376449,0.387526095,0.162644446,0.221050695,0.578232586,-0.86593765,-0.446459711,-0.185579717,873.3768311,10.92,80104.86364,39.90000131,116.3206755
2295,-0.003306523,0.082811385,-0.423184335,0.074858502,0.114104465,0.02240503,-0.338445544,0.42824021,0.653144777,0.25122115,0.158424392,0.782831848,0.026530249,-0.531593263,-0.113922291,-0.238419697,1282.260864,16.47,73235.83333,39.89688136,116.3181063
2296,0.123016618,0.709341109,-0.384188086,0.039511446,0.394362003,-0.017125003,-0.502530634,0.002990154,0.512871206,0.489299297,0.164142549,0.373238832,0.871381581,-0.437125713,-0.49424094,-0.007740495,636.2828369,13.36,76540.51429,39.89707431,116.3201308
2297,-0.219237268,-0.419733047,-0.267220467,-0.228935137,-0.321023315,-0.24282515,-0.031563725,0.674810588,0.329821885,-0.038228482,0.55995512,1.69799459,-0.678256691,-0.674279153,0.153524026,-0.075155042,841.1796265,6.74,85601,39.89748011,116.3217742
2298,-0.304655701,-0.231356144,-0.230552673,-0.117572531,0.486996502,-0.37379989,-0.955504239,0.423384607,0.076282017,0.378065497,0.13207601,0.345794946,0.103019141,-0.419137865,0.078557581,0.321823537,1958.049683,30.98,82290.31034,39.89969558,116.3256025
2300,-0.0433212,-0.451603234,-0.129859969,-0.55394268,-0.009027082,-0.035267696,-0.411759138,0.688295126,0.359146893,0.763471365,0.291047484,1.314617991,-0.128993362,-0.655297816,0.347836465,0.006216177,612.8947754,5.95,73566.5,39.89857784,116.3240338
2301,0.193613037,0.607831478,-0.032683585,0.491239876,0.606570721,-0.263428956,-0.676101923,0.315084785,0.27597779,0.316657126,0.495308906,0.137379631,0.777769804,-0.051721852,-0.043438952,0.473254651,682.8039551,7.42,83428.2,39.89686553,116.3242172
2302,-0.479332477,-0.541469336,-0.256915271,-0.165683821,0.633473217,-0.563177288,-1.029460073,0.464806736,-0.045646831,0.580001712,-0.310579747,0.044009902,0.013914247,-0.570670128,0.200855449,0.125988305,9016.945313,22.52,89063.37838,39.9344173,116.316258
2303,-0.450168997,-0.592388809,0.046607953,-0.472977459,0.695657969,-0.661280811,-1.658833981,0.153563574,-0.235285446,1.012544513,-0.213875845,-0.525349796,0.504695833,-0.456308573,0.216550633,0.551497281,7794.623047,27.78,84933.90909,39.92895649,116.3084827
2304,-0.398703575,-0.578312635,-0.266282946,-0.450544178,0.529275119,-0.381060719,-0.831717372,0.61385417,0.194448695,0.544504523,-0.085396439,0.49071908,-0.065610699,-0.518900871,0.215950593,0.029582465,5422.829102,18.9,95618.66667,39.92896244,116.3162311
2305,-0.176889852,0.231782615,0.029487496,-0.007309656,0.718882382,-0.409021765,-1.811742902,-0.032450706,-0.081982881,0.710226893,0.203866422,-0.261911631,0.628812075,-0.192134678,0.026080417,0.514087558,7246.620605,22.6,101397.3333,39.92894444,116.3232684
2306,-0.464097053,-0.494157642,-0.064385623,-0.477984756,0.553969979,-0.735610485,-1.463672519,0.264227509,-0.064482681,0.814573944,-0.153566524,-0.591127098,0.428744376,-0.602377772,0.100201048,0.350675732,3720.032227,14.81,87503.64,39.92458158,116.3171325
2307,-1.020953774,-1.309927344,-0.333880484,-0.613460362,-0.888971508,-0.73089844,-0.348003417,1.530704021,0.015048231,0.23037529,1.072779298,2.070217609,-1.382779956,-0.798377097,0.486306131,-0.80995959,1478.890869,14.77,89559,39.92618072,116.3237285
2308,-0.176400244,0.251803309,-0.077694096,0.187103018,0.849882245,-0.443006039,-1.383607984,0.182660863,-0.007895099,0.565602124,0.12070936,-0.421125948,0.782321811,-0.21525307,-0.054419026,0.52087754,3641.854004,23.19,87152.92683,39.92379986,116.3221406
2309,0.187812433,0.223140821,0.30531463,0.282782316,0.280617177,-0.120637737,-0.705438137,0.025391653,0.011216568,0.087416373,0.135666206,0.019685932,0.776709974,-0.219431967,-0.104127496,0.556551695,34118.44531,46.76,86981.2,39.91738797,116.3159695
2315,-0.213621855,-0.25537768,-0.341735423,-0.608823955,0.664331675,-0.481328309,0.093802921,0.539708495,0.358265996,-0.009615671,0.38741681,1.163369298,-0.534952164,-0.297155052,-0.36216861,0.699984133,3173.500488,22.67,82180.26667,39.93997141,116.3012884
2318,0.492231369,-0.431621164,1.089905858,0.086166129,-0.773586631,0.433026135,-0.454779863,0.112735108,0.462301791,-0.5887869,0.342708826,0.821203053,-0.006101269,0.514670908,0.214962766,-0.284905463,4534.90625,68.35,94604.84275,39.9386837,116.3162652
2352,-0.348494083,-0.508981109,-0.211445615,-0.384972095,0.659932196,-0.387704462,-1.030122995,0.345068574,0.091432743,0.688927829,-0.388031006,0.039984223,0.352075785,-0.468511701,0.231045887,0.199391067,10668.17676,32.2,81450.18421,39.93434924,116.300303
